main_product_category,Bad (Delayed),Good (Early),Good (On Time),Total Shipments,Good_Percentage,Bad_Percentage
Accessories,187,105,80,372,49.73118279569893,50.26881720430107
Apparel,3542,2818,1733,8093,56.23378228098357,43.76621771901643
Bags,6,4,3,13,53.84615384615385,46.15384615384615
Electronics,503,472,230,1205,58.25726141078839,41.74273858921162
Fun,1640,1250,695,3585,54.25383542538354,45.74616457461646
Housewares,43,81,18,142,69.71830985915493,30.28169014084507
Lifestyle,7499,5960,3946,17405,56.91467968974433,43.085320310255675
Office,22,28,6,56,60.71428571428571,39.285714285714285
